{
  "mse": 101137.2109375,
  "mae": 316.7739562988281
}